int	string	string
编号	一级名称	二级名称
id	name1	name2
1001	周边换购	学校开放日的申请
1002	地下渠道	来自地下渠道的消息
1003	周边换购	紧急替代品请求
1004	周边换购	对手的竞争性请求
1005	暗中交易	竞争对手提出的交易
1006	周边换购	学校开放日的申请
1007	地下渠道	来自地下渠道的消息
1008	周边换购	紧急替代品请求
1009	周边换购	对手的竞争性请求
1010	暗中交易	竞争对手提出的交易
1011	周边换购	学校开放日的申请
1012	地下渠道	来自地下渠道的消息
1013	周边换购	紧急替代品请求
1014	周边换购	对手的竞争性请求
1015	暗中交易	竞争对手提出的交易
1016	周边换购	学校开放日的申请
1017	地下渠道	来自地下渠道的消息
1018	周边换购	紧急替代品请求
1019	周边换购	对手的竞争性请求
1020	暗中交易	竞争对手提出的交易
1021	周边换购	学校开放日的申请
1022	地下渠道	来自地下渠道的消息
1023	周边换购	紧急替代品请求
1024	周边换购	对手的竞争性请求
1025	暗中交易	竞争对手提出的交易
1026	周边换购	学校开放日的申请
1027	地下渠道	来自地下渠道的消息
1028	周边换购	紧急替代品请求
1029	周边换购	对手的竞争性请求
1030	暗中交易	竞争对手提出的交易
1031	周边换购	学校开放日的申请
1032	地下渠道	来自地下渠道的消息
1033	周边换购	紧急替代品请求
1034	周边换购	对手的竞争性请求
1035	暗中交易	竞争对手提出的交易
1036	周边换购	学校开放日的申请
1037	地下渠道	来自地下渠道的消息
1038	周边换购	紧急替代品请求
1039	周边换购	对手的竞争性请求
1040	暗中交易	竞争对手提出的交易
1041	周边换购	学校开放日的申请
1042	地下渠道	来自地下渠道的消息
1043	周边换购	紧急替代品请求
1044	周边换购	对手的竞争性请求
1045	暗中交易	竞争对手提出的交易
1046	周边换购	学校开放日的申请
1047	地下渠道	来自地下渠道的消息
1048	周边换购	紧急替代品请求
1049	周边换购	对手的竞争性请求
1050	暗中交易	竞争对手提出的交易
1051	周边换购	学校开放日的申请
1052	地下渠道	来自地下渠道的消息
1053	周边换购	紧急替代品请求
1054	周边换购	对手的竞争性请求
1055	暗中交易	竞争对手提出的交易
1056	周边换购	学校开放日的申请
1057	地下渠道	来自地下渠道的消息
1058	周边换购	紧急替代品请求
1059	周边换购	对手的竞争性请求
1060	暗中交易	竞争对手提出的交易
1061	周边换购	学校开放日的申请
1062	地下渠道	来自地下渠道的消息
1063	周边换购	紧急替代品请求
1064	周边换购	对手的竞争性请求
1065	暗中交易	竞争对手提出的交易
1066	周边换购	学校开放日的申请
1067	地下渠道	来自地下渠道的消息
1068	周边换购	紧急替代品请求
1069	周边换购	对手的竞争性请求
1070	暗中交易	竞争对手提出的交易
1071	周边换购	学校开放日的申请
1072	地下渠道	来自地下渠道的消息
1073	周边换购	紧急替代品请求
1074	周边换购	对手的竞争性请求
1075	暗中交易	竞争对手提出的交易
1076	周边换购	学校开放日的申请
1077	地下渠道	来自地下渠道的消息
1078	周边换购	紧急替代品请求
1079	周边换购	对手的竞争性请求
1080	暗中交易	竞争对手提出的交易
1081	周边换购	学校开放日的申请
1082	地下渠道	来自地下渠道的消息
1083	周边换购	紧急替代品请求
1084	周边换购	对手的竞争性请求
1085	暗中交易	竞争对手提出的交易
1086	周边换购	学校开放日的申请
1087	地下渠道	来自地下渠道的消息
1088	周边换购	紧急替代品请求
1089	周边换购	对手的竞争性请求
1090	暗中交易	竞争对手提出的交易
1091	周边换购	学校开放日的申请
1092	地下渠道	来自地下渠道的消息
1093	周边换购	紧急替代品请求
1094	周边换购	对手的竞争性请求
1095	暗中交易	竞争对手提出的交易
1096	周边换购	学校开放日的申请
1097	地下渠道	来自地下渠道的消息
1098	周边换购	紧急替代品请求
1099	周边换购	对手的竞争性请求
1100	暗中交易	竞争对手提出的交易
1101	周边换购	学校开放日的申请
1102	地下渠道	来自地下渠道的消息
1103	周边换购	紧急替代品请求
1104	周边换购	对手的竞争性请求
1105	暗中交易	竞争对手提出的交易
1106	周边换购	学校开放日的申请
1107	地下渠道	来自地下渠道的消息
1108	周边换购	紧急替代品请求
1109	周边换购	对手的竞争性请求
1110	暗中交易	竞争对手提出的交易
1111	周边换购	学校开放日的申请
1112	地下渠道	来自地下渠道的消息
1113	周边换购	紧急替代品请求
1114	周边换购	对手的竞争性请求
1115	暗中交易	竞争对手提出的交易
1116	周边换购	学校开放日的申请
1117	地下渠道	来自地下渠道的消息
1118	周边换购	紧急替代品请求
1119	周边换购	对手的竞争性请求
1120	暗中交易	竞争对手提出的交易
1121	周边换购	学校开放日的申请
1122	地下渠道	来自地下渠道的消息
1123	周边换购	紧急替代品请求
1124	周边换购	对手的竞争性请求
1125	暗中交易	竞争对手提出的交易
1126	周边换购	学校开放日的申请
1127	地下渠道	来自地下渠道的消息
1128	周边换购	紧急替代品请求
1129	周边换购	对手的竞争性请求
1130	暗中交易	竞争对手提出的交易
1131	周边换购	学校开放日的申请
1132	地下渠道	来自地下渠道的消息
1133	周边换购	紧急替代品请求
1134	周边换购	对手的竞争性请求
1135	暗中交易	竞争对手提出的交易
1136	周边换购	学校开放日的申请
1137	地下渠道	来自地下渠道的消息
1138	周边换购	紧急替代品请求
1139	周边换购	对手的竞争性请求
1140	暗中交易	竞争对手提出的交易
1141	周边换购	学校开放日的申请
1142	地下渠道	来自地下渠道的消息
1143	周边换购	紧急替代品请求
1144	周边换购	对手的竞争性请求
1145	暗中交易	竞争对手提出的交易
1146	周边换购	学校开放日的申请
1147	地下渠道	来自地下渠道的消息
1148	周边换购	紧急替代品请求
1149	周边换购	对手的竞争性请求
1150	暗中交易	竞争对手提出的交易
1151	周边换购	学校开放日的申请
1152	地下渠道	来自地下渠道的消息
1153	周边换购	紧急替代品请求
1154	周边换购	对手的竞争性请求
1155	暗中交易	竞争对手提出的交易
1156	周边换购	学校开放日的申请
1157	地下渠道	来自地下渠道的消息
1158	周边换购	紧急替代品请求
1159	周边换购	对手的竞争性请求
1160	暗中交易	竞争对手提出的交易
1161	周边换购	学校开放日的申请
1162	地下渠道	来自地下渠道的消息
1163	周边换购	紧急替代品请求
1164	周边换购	对手的竞争性请求
1165	暗中交易	竞争对手提出的交易
1166	周边换购	学校开放日的申请
1167	地下渠道	来自地下渠道的消息
1168	周边换购	紧急替代品请求
1169	周边换购	对手的竞争性请求
1170	暗中交易	竞争对手提出的交易
1171	周边换购	学校开放日的申请
1172	地下渠道	来自地下渠道的消息
1173	周边换购	紧急替代品请求
1174	周边换购	对手的竞争性请求
1175	暗中交易	竞争对手提出的交易
1176	周边换购	学校开放日的申请
1177	地下渠道	来自地下渠道的消息
1178	周边换购	紧急替代品请求
1179	周边换购	对手的竞争性请求
1180	暗中交易	竞争对手提出的交易
1181	周边换购	学校开放日的申请
1182	地下渠道	来自地下渠道的消息
1183	周边换购	紧急替代品请求
1184	周边换购	对手的竞争性请求
1185	暗中交易	竞争对手提出的交易
1186	周边换购	学校开放日的申请
1187	地下渠道	来自地下渠道的消息
1188	周边换购	紧急替代品请求
1189	周边换购	对手的竞争性请求
1190	暗中交易	竞争对手提出的交易
1191	周边换购	学校开放日的申请
1192	地下渠道	来自地下渠道的消息
1193	周边换购	紧急替代品请求
1194	周边换购	对手的竞争性请求
1195	暗中交易	竞争对手提出的交易
1196	周边换购	学校开放日的申请
1197	地下渠道	来自地下渠道的消息
1198	周边换购	紧急替代品请求
1199	周边换购	对手的竞争性请求
1200	暗中交易	竞争对手提出的交易
1201	周边换购	学校开放日的申请
1202	地下渠道	来自地下渠道的消息
1203	周边换购	紧急替代品请求
1204	周边换购	对手的竞争性请求
1205	暗中交易	竞争对手提出的交易
1206	周边换购	学校开放日的申请
1207	地下渠道	来自地下渠道的消息
1208	周边换购	紧急替代品请求
1209	周边换购	对手的竞争性请求
1210	暗中交易	竞争对手提出的交易
1211	周边换购	学校开放日的申请
1212	地下渠道	来自地下渠道的消息
1213	周边换购	紧急替代品请求
1214	周边换购	对手的竞争性请求
1215	暗中交易	竞争对手提出的交易
1216	周边换购	学校开放日的申请
1217	地下渠道	来自地下渠道的消息
1218	周边换购	紧急替代品请求
1219	周边换购	对手的竞争性请求
1220	暗中交易	竞争对手提出的交易
1221	周边换购	学校开放日的申请
1222	地下渠道	来自地下渠道的消息
1223	周边换购	紧急替代品请求
1224	周边换购	对手的竞争性请求
1225	暗中交易	竞争对手提出的交易
1226	周边换购	学校开放日的申请
1227	地下渠道	来自地下渠道的消息
1228	周边换购	紧急替代品请求
1229	周边换购	对手的竞争性请求
1230	暗中交易	竞争对手提出的交易
1231	周边换购	学校开放日的申请
1232	地下渠道	来自地下渠道的消息
1233	周边换购	紧急替代品请求
1234	周边换购	对手的竞争性请求
1235	暗中交易	竞争对手提出的交易
1236	周边换购	学校开放日的申请
1237	地下渠道	来自地下渠道的消息
1238	周边换购	紧急替代品请求
1239	周边换购	对手的竞争性请求
1240	暗中交易	竞争对手提出的交易
1241	周边换购	学校开放日的申请
1242	地下渠道	来自地下渠道的消息
1243	周边换购	紧急替代品请求
1244	周边换购	对手的竞争性请求
1245	暗中交易	竞争对手提出的交易
1246	周边换购	学校开放日的申请
1247	地下渠道	来自地下渠道的消息
1248	周边换购	紧急替代品请求
1249	周边换购	对手的竞争性请求
1250	暗中交易	竞争对手提出的交易
1251	周边换购	学校开放日的申请
1252	地下渠道	来自地下渠道的消息
1253	周边换购	紧急替代品请求
1254	周边换购	对手的竞争性请求
1255	暗中交易	竞争对手提出的交易
1256	周边换购	学校开放日的申请
1257	地下渠道	来自地下渠道的消息
1258	周边换购	紧急替代品请求
1259	周边换购	对手的竞争性请求
1260	暗中交易	竞争对手提出的交易
1261	周边换购	学校开放日的申请
1262	地下渠道	来自地下渠道的消息
1263	周边换购	紧急替代品请求
1264	周边换购	对手的竞争性请求
1265	暗中交易	竞争对手提出的交易
1266	周边换购	学校开放日的申请
1267	地下渠道	来自地下渠道的消息
1268	周边换购	紧急替代品请求
1269	周边换购	对手的竞争性请求
1270	暗中交易	竞争对手提出的交易
1271	周边换购	学校开放日的申请
1272	地下渠道	来自地下渠道的消息
1273	周边换购	紧急替代品请求
1274	周边换购	对手的竞争性请求
1275	暗中交易	竞争对手提出的交易
1276	周边换购	学校开放日的申请
1277	地下渠道	来自地下渠道的消息
1278	周边换购	紧急替代品请求
1279	周边换购	对手的竞争性请求
1280	暗中交易	竞争对手提出的交易
1281	周边换购	学校开放日的申请
1282	地下渠道	来自地下渠道的消息
1283	周边换购	紧急替代品请求
1284	周边换购	对手的竞争性请求
1285	暗中交易	竞争对手提出的交易
1286	周边换购	学校开放日的申请
1287	地下渠道	来自地下渠道的消息
1288	周边换购	紧急替代品请求
1289	周边换购	对手的竞争性请求
1290	暗中交易	竞争对手提出的交易
1291	周边换购	学校开放日的申请
1292	地下渠道	来自地下渠道的消息
1293	周边换购	紧急替代品请求
1294	周边换购	对手的竞争性请求
1295	暗中交易	竞争对手提出的交易
1296	周边换购	学校开放日的申请
1297	地下渠道	来自地下渠道的消息
1298	周边换购	紧急替代品请求
1299	周边换购	对手的竞争性请求
1300	暗中交易	竞争对手提出的交易
1301	周边换购	学校开放日的申请
1302	地下渠道	来自地下渠道的消息
1303	周边换购	紧急替代品请求
1304	周边换购	对手的竞争性请求
1305	暗中交易	竞争对手提出的交易
1306	周边换购	学校开放日的申请
1307	地下渠道	来自地下渠道的消息
1308	周边换购	紧急替代品请求
1309	周边换购	对手的竞争性请求
1310	暗中交易	竞争对手提出的交易
1311	周边换购	学校开放日的申请
1312	地下渠道	来自地下渠道的消息
1313	周边换购	紧急替代品请求
1314	周边换购	对手的竞争性请求
1315	暗中交易	竞争对手提出的交易
1316	周边换购	学校开放日的申请
1317	地下渠道	来自地下渠道的消息
1318	周边换购	紧急替代品请求
1319	周边换购	对手的竞争性请求
1320	暗中交易	竞争对手提出的交易
1321	周边换购	学校开放日的申请
1322	地下渠道	来自地下渠道的消息
1323	周边换购	紧急替代品请求
1324	周边换购	对手的竞争性请求
1325	暗中交易	竞争对手提出的交易
1326	周边换购	学校开放日的申请
1327	地下渠道	来自地下渠道的消息
1328	周边换购	紧急替代品请求
1329	周边换购	对手的竞争性请求
1330	暗中交易	竞争对手提出的交易
1331	周边换购	学校开放日的申请
1332	地下渠道	来自地下渠道的消息
1333	周边换购	紧急替代品请求
1334	周边换购	对手的竞争性请求
1335	暗中交易	竞争对手提出的交易
1336	周边换购	学校开放日的申请
1337	地下渠道	来自地下渠道的消息
1338	周边换购	紧急替代品请求
1339	周边换购	对手的竞争性请求
1340	暗中交易	竞争对手提出的交易
1341	周边换购	学校开放日的申请
1342	地下渠道	来自地下渠道的消息
1343	周边换购	紧急替代品请求
1344	周边换购	对手的竞争性请求
1345	暗中交易	竞争对手提出的交易
1346	周边换购	学校开放日的申请
1347	地下渠道	来自地下渠道的消息
1348	周边换购	紧急替代品请求
1349	周边换购	对手的竞争性请求
1350	暗中交易	竞争对手提出的交易
1351	周边换购	学校开放日的申请
1352	地下渠道	来自地下渠道的消息
1353	周边换购	紧急替代品请求
1354	周边换购	对手的竞争性请求
1355	暗中交易	竞争对手提出的交易
1356	周边换购	学校开放日的申请
1357	地下渠道	来自地下渠道的消息
1358	周边换购	紧急替代品请求
1359	周边换购	对手的竞争性请求
1360	暗中交易	竞争对手提出的交易
1361	周边换购	学校开放日的申请
1362	地下渠道	来自地下渠道的消息
1363	周边换购	紧急替代品请求
1364	周边换购	对手的竞争性请求
1365	暗中交易	竞争对手提出的交易
1366	周边换购	学校开放日的申请
1367	地下渠道	来自地下渠道的消息
1368	周边换购	紧急替代品请求
1369	周边换购	对手的竞争性请求
1370	暗中交易	竞争对手提出的交易
1371	周边换购	学校开放日的申请
1372	地下渠道	来自地下渠道的消息
1373	周边换购	紧急替代品请求
1374	周边换购	对手的竞争性请求
1375	暗中交易	竞争对手提出的交易
1376	周边换购	学校开放日的申请
1377	地下渠道	来自地下渠道的消息
1378	周边换购	紧急替代品请求
1379	周边换购	对手的竞争性请求
1380	暗中交易	竞争对手提出的交易
1381	周边换购	学校开放日的申请
1382	地下渠道	来自地下渠道的消息
1383	周边换购	紧急替代品请求
1384	周边换购	对手的竞争性请求
1385	暗中交易	竞争对手提出的交易
1386	周边换购	学校开放日的申请
1387	地下渠道	来自地下渠道的消息
1388	周边换购	紧急替代品请求
1389	周边换购	对手的竞争性请求
1390	暗中交易	竞争对手提出的交易
1391	周边换购	学校开放日的申请
1392	地下渠道	来自地下渠道的消息
1393	周边换购	紧急替代品请求
1394	周边换购	对手的竞争性请求
1395	暗中交易	竞争对手提出的交易
1396	周边换购	学校开放日的申请
1397	地下渠道	来自地下渠道的消息
1398	周边换购	紧急替代品请求
1399	周边换购	对手的竞争性请求
1400	暗中交易	竞争对手提出的交易
1401	周边换购	学校开放日的申请
1402	地下渠道	来自地下渠道的消息
1403	周边换购	紧急替代品请求
1404	周边换购	对手的竞争性请求
1405	暗中交易	竞争对手提出的交易
1406	周边换购	学校开放日的申请
1407	地下渠道	来自地下渠道的消息
1408	周边换购	紧急替代品请求
1409	周边换购	对手的竞争性请求
1410	暗中交易	竞争对手提出的交易
1411	周边换购	学校开放日的申请
1412	地下渠道	来自地下渠道的消息
1413	周边换购	紧急替代品请求
1414	周边换购	对手的竞争性请求
1415	暗中交易	竞争对手提出的交易
1416	周边换购	学校开放日的申请
1417	地下渠道	来自地下渠道的消息
1418	周边换购	紧急替代品请求
1419	周边换购	对手的竞争性请求
1420	暗中交易	竞争对手提出的交易
1421	周边换购	学校开放日的申请
1422	地下渠道	来自地下渠道的消息
1423	周边换购	紧急替代品请求
1424	周边换购	对手的竞争性请求
1425	暗中交易	竞争对手提出的交易
1426	周边换购	学校开放日的申请
1427	地下渠道	来自地下渠道的消息
1428	周边换购	紧急替代品请求
1429	周边换购	对手的竞争性请求
1430	暗中交易	竞争对手提出的交易
1431	周边换购	学校开放日的申请
1432	地下渠道	来自地下渠道的消息
1433	周边换购	紧急替代品请求
1434	周边换购	对手的竞争性请求
1435	暗中交易	竞争对手提出的交易
1436	周边换购	学校开放日的申请
1437	地下渠道	来自地下渠道的消息
1438	周边换购	紧急替代品请求
1439	周边换购	对手的竞争性请求
1440	暗中交易	竞争对手提出的交易
1441	周边换购	学校开放日的申请
1442	地下渠道	来自地下渠道的消息
1443	周边换购	紧急替代品请求
1444	周边换购	对手的竞争性请求
1445	暗中交易	竞争对手提出的交易
1446	周边换购	学校开放日的申请
1447	地下渠道	来自地下渠道的消息
1448	周边换购	紧急替代品请求
1449	周边换购	对手的竞争性请求
1450	暗中交易	竞争对手提出的交易
1451	周边换购	学校开放日的申请
1452	地下渠道	来自地下渠道的消息
1453	周边换购	紧急替代品请求
1454	周边换购	对手的竞争性请求
1455	暗中交易	竞争对手提出的交易
1456	周边换购	学校开放日的申请
1457	地下渠道	来自地下渠道的消息
1458	周边换购	紧急替代品请求
1459	周边换购	对手的竞争性请求
1460	暗中交易	竞争对手提出的交易
1461	周边换购	学校开放日的申请
1462	地下渠道	来自地下渠道的消息
1463	周边换购	紧急替代品请求
1464	周边换购	对手的竞争性请求
1465	暗中交易	竞争对手提出的交易
1466	周边换购	学校开放日的申请
1467	地下渠道	来自地下渠道的消息
1468	周边换购	紧急替代品请求
1469	周边换购	对手的竞争性请求
1470	暗中交易	竞争对手提出的交易
1471	周边换购	学校开放日的申请
1472	地下渠道	来自地下渠道的消息
1473	周边换购	紧急替代品请求
1474	周边换购	对手的竞争性请求
1475	暗中交易	竞争对手提出的交易
1476	周边换购	学校开放日的申请
1477	地下渠道	来自地下渠道的消息
1478	周边换购	紧急替代品请求
1479	周边换购	对手的竞争性请求
1480	暗中交易	竞争对手提出的交易
1481	周边换购	学校开放日的申请
1482	地下渠道	来自地下渠道的消息
1483	周边换购	紧急替代品请求
1484	周边换购	对手的竞争性请求
1485	暗中交易	竞争对手提出的交易
1486	周边换购	学校开放日的申请
1487	地下渠道	来自地下渠道的消息
1488	周边换购	紧急替代品请求
1489	周边换购	对手的竞争性请求
1490	暗中交易	竞争对手提出的交易
1491	周边换购	学校开放日的申请
1492	地下渠道	来自地下渠道的消息
1493	周边换购	紧急替代品请求
1494	周边换购	对手的竞争性请求
1495	暗中交易	竞争对手提出的交易
1496	周边换购	学校开放日的申请
1497	地下渠道	来自地下渠道的消息
1498	周边换购	紧急替代品请求
1499	周边换购	对手的竞争性请求
1500	暗中交易	竞争对手提出的交易
1501	周边换购	学校开放日的申请
1502	地下渠道	来自地下渠道的消息
1503	周边换购	紧急替代品请求
1504	周边换购	对手的竞争性请求
1505	暗中交易	竞争对手提出的交易
1506	周边换购	学校开放日的申请
1507	地下渠道	来自地下渠道的消息
1508	周边换购	紧急替代品请求
1509	周边换购	对手的竞争性请求
1510	暗中交易	竞争对手提出的交易
1511	周边换购	学校开放日的申请
1512	地下渠道	来自地下渠道的消息
1513	周边换购	紧急替代品请求
1514	周边换购	对手的竞争性请求
1515	暗中交易	竞争对手提出的交易
1516	周边换购	学校开放日的申请
1517	地下渠道	来自地下渠道的消息
1518	周边换购	紧急替代品请求
1519	周边换购	对手的竞争性请求
1520	暗中交易	竞争对手提出的交易
1521	周边换购	学校开放日的申请
1522	地下渠道	来自地下渠道的消息
1523	周边换购	紧急替代品请求
1524	周边换购	对手的竞争性请求
1525	暗中交易	竞争对手提出的交易
1526	周边换购	学校开放日的申请
1527	地下渠道	来自地下渠道的消息
1528	周边换购	紧急替代品请求
1529	周边换购	对手的竞争性请求
1530	暗中交易	竞争对手提出的交易
1531	周边换购	学校开放日的申请
1532	地下渠道	来自地下渠道的消息
1533	周边换购	紧急替代品请求
1534	周边换购	对手的竞争性请求
1535	暗中交易	竞争对手提出的交易
1536	周边换购	学校开放日的申请
1537	地下渠道	来自地下渠道的消息
1538	周边换购	紧急替代品请求
1539	周边换购	对手的竞争性请求
1540	暗中交易	竞争对手提出的交易
1541	周边换购	学校开放日的申请
1542	地下渠道	来自地下渠道的消息
1543	周边换购	紧急替代品请求
1544	周边换购	对手的竞争性请求
1545	暗中交易	竞争对手提出的交易
1546	周边换购	学校开放日的申请
1547	地下渠道	来自地下渠道的消息
1548	周边换购	紧急替代品请求
1549	周边换购	对手的竞争性请求
1550	暗中交易	竞争对手提出的交易
1551	周边换购	学校开放日的申请
1552	地下渠道	来自地下渠道的消息
1553	周边换购	紧急替代品请求
1554	周边换购	对手的竞争性请求
1555	暗中交易	竞争对手提出的交易
1556	周边换购	学校开放日的申请
1557	地下渠道	来自地下渠道的消息
1558	周边换购	紧急替代品请求
1559	周边换购	对手的竞争性请求
1560	暗中交易	竞争对手提出的交易
1561	周边换购	学校开放日的申请
1562	地下渠道	来自地下渠道的消息
1563	周边换购	紧急替代品请求
1564	周边换购	对手的竞争性请求
1565	暗中交易	竞争对手提出的交易
1566	周边换购	学校开放日的申请
1567	地下渠道	来自地下渠道的消息
1568	周边换购	紧急替代品请求
1569	周边换购	对手的竞争性请求
1570	暗中交易	竞争对手提出的交易
1571	周边换购	学校开放日的申请
1572	地下渠道	来自地下渠道的消息
1573	周边换购	紧急替代品请求
1574	周边换购	对手的竞争性请求
1575	暗中交易	竞争对手提出的交易
1576	周边换购	学校开放日的申请
1577	地下渠道	来自地下渠道的消息
1578	周边换购	紧急替代品请求
1579	周边换购	对手的竞争性请求
1580	暗中交易	竞争对手提出的交易
1581	周边换购	学校开放日的申请
1582	地下渠道	来自地下渠道的消息
1583	周边换购	紧急替代品请求
1584	周边换购	对手的竞争性请求
1585	暗中交易	竞争对手提出的交易
1586	周边换购	学校开放日的申请
1587	地下渠道	来自地下渠道的消息
1588	周边换购	紧急替代品请求
1589	周边换购	对手的竞争性请求
1590	暗中交易	竞争对手提出的交易
1591	周边换购	学校开放日的申请
1592	地下渠道	来自地下渠道的消息
1593	周边换购	紧急替代品请求
1594	周边换购	对手的竞争性请求
1595	暗中交易	竞争对手提出的交易
1596	周边换购	学校开放日的申请
1597	地下渠道	来自地下渠道的消息
1598	周边换购	紧急替代品请求
1599	周边换购	对手的竞争性请求
1600	暗中交易	竞争对手提出的交易
1601	周边换购	学校开放日的申请
1602	地下渠道	来自地下渠道的消息
1603	周边换购	紧急替代品请求
1604	周边换购	对手的竞争性请求
1605	暗中交易	竞争对手提出的交易
1606	周边换购	学校开放日的申请
1607	地下渠道	来自地下渠道的消息
1608	周边换购	紧急替代品请求
1609	周边换购	对手的竞争性请求
1610	暗中交易	竞争对手提出的交易
1611	周边换购	学校开放日的申请
1612	地下渠道	来自地下渠道的消息
1613	周边换购	紧急替代品请求
1614	周边换购	对手的竞争性请求
1615	暗中交易	竞争对手提出的交易
1616	周边换购	学校开放日的申请
1617	地下渠道	来自地下渠道的消息
1618	周边换购	紧急替代品请求
1619	周边换购	对手的竞争性请求
1620	暗中交易	竞争对手提出的交易
1621	周边换购	学校开放日的申请
1622	地下渠道	来自地下渠道的消息
1623	周边换购	紧急替代品请求
1624	周边换购	对手的竞争性请求
1625	暗中交易	竞争对手提出的交易
1626	周边换购	学校开放日的申请
1627	地下渠道	来自地下渠道的消息
1628	周边换购	紧急替代品请求
1629	周边换购	对手的竞争性请求
1630	暗中交易	竞争对手提出的交易
1631	周边换购	学校开放日的申请
1632	地下渠道	来自地下渠道的消息
1633	周边换购	紧急替代品请求
1634	周边换购	对手的竞争性请求
1635	暗中交易	竞争对手提出的交易
1636	周边换购	学校开放日的申请
1637	地下渠道	来自地下渠道的消息
1638	周边换购	紧急替代品请求
1639	周边换购	对手的竞争性请求
1640	暗中交易	竞争对手提出的交易
1641	周边换购	学校开放日的申请
1642	地下渠道	来自地下渠道的消息
1643	周边换购	紧急替代品请求
1644	周边换购	对手的竞争性请求
1645	暗中交易	竞争对手提出的交易
1646	周边换购	学校开放日的申请
1647	地下渠道	来自地下渠道的消息
1648	周边换购	紧急替代品请求
1649	周边换购	对手的竞争性请求
1650	暗中交易	竞争对手提出的交易
1651	周边换购	学校开放日的申请
1652	地下渠道	来自地下渠道的消息
1653	周边换购	紧急替代品请求
1654	周边换购	对手的竞争性请求
1655	暗中交易	竞争对手提出的交易
1656	周边换购	学校开放日的申请
1657	地下渠道	来自地下渠道的消息
1658	周边换购	紧急替代品请求
1659	周边换购	对手的竞争性请求
1660	暗中交易	竞争对手提出的交易
1661	周边换购	学校开放日的申请
1662	地下渠道	来自地下渠道的消息
1663	周边换购	紧急替代品请求
1664	周边换购	对手的竞争性请求
1665	暗中交易	竞争对手提出的交易
1666	周边换购	学校开放日的申请
1667	地下渠道	来自地下渠道的消息
1668	周边换购	紧急替代品请求
1669	周边换购	对手的竞争性请求
1670	暗中交易	竞争对手提出的交易
1671	周边换购	学校开放日的申请
1672	地下渠道	来自地下渠道的消息
1673	周边换购	紧急替代品请求
1674	周边换购	对手的竞争性请求
1675	暗中交易	竞争对手提出的交易
1676	周边换购	学校开放日的申请
1677	地下渠道	来自地下渠道的消息
1678	周边换购	紧急替代品请求
1679	周边换购	对手的竞争性请求
1680	暗中交易	竞争对手提出的交易
1681	周边换购	学校开放日的申请
1682	地下渠道	来自地下渠道的消息
1683	周边换购	紧急替代品请求
1684	周边换购	对手的竞争性请求
1685	暗中交易	竞争对手提出的交易
1686	周边换购	学校开放日的申请
1687	地下渠道	来自地下渠道的消息
1688	周边换购	紧急替代品请求
1689	周边换购	对手的竞争性请求
1690	暗中交易	竞争对手提出的交易
1691	周边换购	学校开放日的申请
1692	地下渠道	来自地下渠道的消息
1693	周边换购	紧急替代品请求
1694	周边换购	对手的竞争性请求
1695	暗中交易	竞争对手提出的交易
1696	周边换购	学校开放日的申请
1697	地下渠道	来自地下渠道的消息
1698	周边换购	紧急替代品请求
1699	周边换购	对手的竞争性请求
1700	暗中交易	竞争对手提出的交易
1701	周边换购	学校开放日的申请
1702	地下渠道	来自地下渠道的消息
1703	周边换购	紧急替代品请求
1704	周边换购	对手的竞争性请求
1705	暗中交易	竞争对手提出的交易
1706	周边换购	学校开放日的申请
1707	地下渠道	来自地下渠道的消息
1708	周边换购	紧急替代品请求
1709	周边换购	对手的竞争性请求
1710	暗中交易	竞争对手提出的交易
1711	周边换购	学校开放日的申请
1712	地下渠道	来自地下渠道的消息
1713	周边换购	紧急替代品请求
1714	周边换购	对手的竞争性请求
1715	暗中交易	竞争对手提出的交易
1716	周边换购	学校开放日的申请
1717	地下渠道	来自地下渠道的消息
1718	周边换购	紧急替代品请求
1719	周边换购	对手的竞争性请求
1720	暗中交易	竞争对手提出的交易
1721	周边换购	学校开放日的申请
1722	地下渠道	来自地下渠道的消息
1723	周边换购	紧急替代品请求
1724	周边换购	对手的竞争性请求
1725	暗中交易	竞争对手提出的交易
1726	周边换购	学校开放日的申请
1727	地下渠道	来自地下渠道的消息
1728	周边换购	紧急替代品请求
1729	周边换购	对手的竞争性请求
1730	暗中交易	竞争对手提出的交易
1731	周边换购	学校开放日的申请
1732	地下渠道	来自地下渠道的消息
1733	周边换购	紧急替代品请求
1734	周边换购	对手的竞争性请求
1735	暗中交易	竞争对手提出的交易
1736	周边换购	学校开放日的申请
1737	地下渠道	来自地下渠道的消息
1738	周边换购	紧急替代品请求
1739	周边换购	对手的竞争性请求
1740	暗中交易	竞争对手提出的交易
1741	周边换购	学校开放日的申请
1742	地下渠道	来自地下渠道的消息
1743	周边换购	紧急替代品请求
1744	周边换购	对手的竞争性请求
1745	暗中交易	竞争对手提出的交易
1746	周边换购	学校开放日的申请
1747	地下渠道	来自地下渠道的消息
1748	周边换购	紧急替代品请求
1749	周边换购	对手的竞争性请求
1750	暗中交易	竞争对手提出的交易
1751	周边换购	学校开放日的申请
1752	地下渠道	来自地下渠道的消息
1753	周边换购	紧急替代品请求
1754	周边换购	对手的竞争性请求
1755	暗中交易	竞争对手提出的交易
1756	周边换购	学校开放日的申请
1757	地下渠道	来自地下渠道的消息
1758	周边换购	紧急替代品请求
1759	周边换购	对手的竞争性请求
1760	暗中交易	竞争对手提出的交易
1761	周边换购	学校开放日的申请
1762	地下渠道	来自地下渠道的消息
1763	周边换购	紧急替代品请求
1764	周边换购	对手的竞争性请求
1765	暗中交易	竞争对手提出的交易
1766	周边换购	学校开放日的申请
1767	地下渠道	来自地下渠道的消息
1768	周边换购	紧急替代品请求
1769	周边换购	对手的竞争性请求
1770	暗中交易	竞争对手提出的交易
1771	周边换购	学校开放日的申请
1772	地下渠道	来自地下渠道的消息
1773	周边换购	紧急替代品请求
1774	周边换购	对手的竞争性请求
1775	暗中交易	竞争对手提出的交易
1776	周边换购	学校开放日的申请
1777	地下渠道	来自地下渠道的消息
1778	周边换购	紧急替代品请求
1779	周边换购	对手的竞争性请求
1780	暗中交易	竞争对手提出的交易
1781	周边换购	学校开放日的申请
1782	地下渠道	来自地下渠道的消息
1783	周边换购	紧急替代品请求
1784	周边换购	对手的竞争性请求
1785	暗中交易	竞争对手提出的交易
1786	周边换购	学校开放日的申请
1787	地下渠道	来自地下渠道的消息
1788	周边换购	紧急替代品请求
1789	周边换购	对手的竞争性请求
1790	暗中交易	竞争对手提出的交易
1791	周边换购	学校开放日的申请
1792	地下渠道	来自地下渠道的消息
1793	周边换购	紧急替代品请求
1794	周边换购	对手的竞争性请求
1795	暗中交易	竞争对手提出的交易
1796	周边换购	学校开放日的申请
1797	地下渠道	来自地下渠道的消息
1798	周边换购	紧急替代品请求
1799	周边换购	对手的竞争性请求
1800	暗中交易	竞争对手提出的交易
1801	周边换购	学校开放日的申请
1802	地下渠道	来自地下渠道的消息
1803	周边换购	紧急替代品请求
1804	周边换购	对手的竞争性请求
1805	暗中交易	竞争对手提出的交易
1806	周边换购	学校开放日的申请
1807	地下渠道	来自地下渠道的消息
1808	周边换购	紧急替代品请求
1809	周边换购	对手的竞争性请求
1810	暗中交易	竞争对手提出的交易
1811	周边换购	学校开放日的申请
1812	地下渠道	来自地下渠道的消息
1813	周边换购	紧急替代品请求
1814	周边换购	对手的竞争性请求
1815	暗中交易	竞争对手提出的交易
1816	周边换购	学校开放日的申请
1817	地下渠道	来自地下渠道的消息
1818	周边换购	紧急替代品请求
1819	周边换购	对手的竞争性请求
1820	暗中交易	竞争对手提出的交易
1821	周边换购	学校开放日的申请
1822	地下渠道	来自地下渠道的消息
1823	周边换购	紧急替代品请求
1824	周边换购	对手的竞争性请求
1825	暗中交易	竞争对手提出的交易
1826	周边换购	学校开放日的申请
1827	地下渠道	来自地下渠道的消息
1828	周边换购	紧急替代品请求
1829	周边换购	对手的竞争性请求
1830	暗中交易	竞争对手提出的交易
1831	周边换购	学校开放日的申请
1832	地下渠道	来自地下渠道的消息
1833	周边换购	紧急替代品请求
1834	周边换购	对手的竞争性请求
1835	暗中交易	竞争对手提出的交易
1836	周边换购	学校开放日的申请
1837	地下渠道	来自地下渠道的消息
1838	周边换购	紧急替代品请求
1839	周边换购	对手的竞争性请求
1840	暗中交易	竞争对手提出的交易
1841	周边换购	学校开放日的申请
1842	地下渠道	来自地下渠道的消息
1843	周边换购	紧急替代品请求
1844	周边换购	对手的竞争性请求
1845	暗中交易	竞争对手提出的交易
1846	周边换购	学校开放日的申请
1847	地下渠道	来自地下渠道的消息
1848	周边换购	紧急替代品请求
1849	周边换购	对手的竞争性请求
1850	暗中交易	竞争对手提出的交易
1851	周边换购	学校开放日的申请
1852	地下渠道	来自地下渠道的消息
1853	周边换购	紧急替代品请求
1854	周边换购	对手的竞争性请求
1855	暗中交易	竞争对手提出的交易
1856	周边换购	学校开放日的申请
1857	地下渠道	来自地下渠道的消息
1858	周边换购	紧急替代品请求
1859	周边换购	对手的竞争性请求
1860	暗中交易	竞争对手提出的交易
1861	周边换购	学校开放日的申请
1862	地下渠道	来自地下渠道的消息
1863	周边换购	紧急替代品请求
1864	周边换购	对手的竞争性请求
1865	暗中交易	竞争对手提出的交易
1866	周边换购	学校开放日的申请
1867	地下渠道	来自地下渠道的消息
1868	周边换购	紧急替代品请求
1869	周边换购	对手的竞争性请求
1870	暗中交易	竞争对手提出的交易
1871	周边换购	学校开放日的申请
1872	地下渠道	来自地下渠道的消息
1873	周边换购	紧急替代品请求
1874	周边换购	对手的竞争性请求
1875	暗中交易	竞争对手提出的交易
1876	周边换购	学校开放日的申请
1877	地下渠道	来自地下渠道的消息
1878	周边换购	紧急替代品请求
1879	周边换购	对手的竞争性请求
1880	暗中交易	竞争对手提出的交易
1881	周边换购	学校开放日的申请
1882	地下渠道	来自地下渠道的消息
1883	周边换购	紧急替代品请求
1884	周边换购	对手的竞争性请求
1885	暗中交易	竞争对手提出的交易
1886	周边换购	学校开放日的申请
1887	地下渠道	来自地下渠道的消息
1888	周边换购	紧急替代品请求
1889	周边换购	对手的竞争性请求
1890	暗中交易	竞争对手提出的交易
1891	周边换购	学校开放日的申请
1892	地下渠道	来自地下渠道的消息
1893	周边换购	紧急替代品请求
1894	周边换购	对手的竞争性请求
1895	暗中交易	竞争对手提出的交易
1896	周边换购	学校开放日的申请
1897	地下渠道	来自地下渠道的消息
1898	周边换购	紧急替代品请求
1899	周边换购	对手的竞争性请求
1900	暗中交易	竞争对手提出的交易
1901	周边换购	学校开放日的申请
1902	地下渠道	来自地下渠道的消息
1903	周边换购	紧急替代品请求
1904	周边换购	对手的竞争性请求
1905	暗中交易	竞争对手提出的交易
1906	周边换购	学校开放日的申请
1907	地下渠道	来自地下渠道的消息
1908	周边换购	紧急替代品请求
1909	周边换购	对手的竞争性请求
1910	暗中交易	竞争对手提出的交易
1911	周边换购	学校开放日的申请
1912	地下渠道	来自地下渠道的消息
1913	周边换购	紧急替代品请求
1914	周边换购	对手的竞争性请求
1915	暗中交易	竞争对手提出的交易
1916	周边换购	学校开放日的申请
1917	地下渠道	来自地下渠道的消息
1918	周边换购	紧急替代品请求
1919	周边换购	对手的竞争性请求
1920	暗中交易	竞争对手提出的交易
1921	周边换购	学校开放日的申请
1922	地下渠道	来自地下渠道的消息
1923	周边换购	紧急替代品请求
1924	周边换购	对手的竞争性请求
1925	暗中交易	竞争对手提出的交易
1926	周边换购	学校开放日的申请
1927	地下渠道	来自地下渠道的消息
1928	周边换购	紧急替代品请求
1929	周边换购	对手的竞争性请求
1930	暗中交易	竞争对手提出的交易
1931	周边换购	学校开放日的申请
1932	地下渠道	来自地下渠道的消息
1933	周边换购	紧急替代品请求
1934	周边换购	对手的竞争性请求
1935	暗中交易	竞争对手提出的交易
1936	周边换购	学校开放日的申请
1937	地下渠道	来自地下渠道的消息
1938	周边换购	紧急替代品请求
1939	周边换购	对手的竞争性请求
1940	暗中交易	竞争对手提出的交易
1941	周边换购	学校开放日的申请
1942	地下渠道	来自地下渠道的消息
1943	周边换购	紧急替代品请求
1944	周边换购	对手的竞争性请求
1945	暗中交易	竞争对手提出的交易
1946	周边换购	学校开放日的申请
1947	地下渠道	来自地下渠道的消息
1948	周边换购	紧急替代品请求
1949	周边换购	对手的竞争性请求
1950	暗中交易	竞争对手提出的交易
1951	周边换购	学校开放日的申请
1952	地下渠道	来自地下渠道的消息
1953	周边换购	紧急替代品请求
1954	周边换购	对手的竞争性请求
1955	暗中交易	竞争对手提出的交易
1956	周边换购	学校开放日的申请
1957	地下渠道	来自地下渠道的消息
1958	周边换购	紧急替代品请求
1959	周边换购	对手的竞争性请求
1960	暗中交易	竞争对手提出的交易
1961	周边换购	学校开放日的申请
1962	地下渠道	来自地下渠道的消息
1963	周边换购	紧急替代品请求
1964	周边换购	对手的竞争性请求
1965	暗中交易	竞争对手提出的交易
1966	周边换购	学校开放日的申请
1967	地下渠道	来自地下渠道的消息
1968	周边换购	紧急替代品请求
1969	周边换购	对手的竞争性请求
1970	暗中交易	竞争对手提出的交易
1971	周边换购	学校开放日的申请
1972	地下渠道	来自地下渠道的消息
1973	周边换购	紧急替代品请求
1974	周边换购	对手的竞争性请求
1975	暗中交易	竞争对手提出的交易
1976	周边换购	学校开放日的申请
1977	地下渠道	来自地下渠道的消息
1978	周边换购	紧急替代品请求
1979	周边换购	对手的竞争性请求
1980	暗中交易	竞争对手提出的交易
1981	周边换购	学校开放日的申请
1982	地下渠道	来自地下渠道的消息
1983	周边换购	紧急替代品请求
1984	周边换购	对手的竞争性请求
1985	暗中交易	竞争对手提出的交易
1986	周边换购	学校开放日的申请
1987	地下渠道	来自地下渠道的消息
1988	周边换购	紧急替代品请求
1989	周边换购	对手的竞争性请求
1990	暗中交易	竞争对手提出的交易
1991	周边换购	学校开放日的申请
1992	地下渠道	来自地下渠道的消息
1993	周边换购	紧急替代品请求
1994	周边换购	对手的竞争性请求
1995	暗中交易	竞争对手提出的交易
1996	周边换购	学校开放日的申请
1997	地下渠道	来自地下渠道的消息
1998	周边换购	紧急替代品请求
1999	周边换购	对手的竞争性请求
2000	暗中交易	竞争对手提出的交易
2001	周边换购	学校开放日的申请
2002	地下渠道	来自地下渠道的消息
2003	周边换购	紧急替代品请求
2004	周边换购	对手的竞争性请求
2005	暗中交易	竞争对手提出的交易
2006	周边换购	学校开放日的申请
2007	地下渠道	来自地下渠道的消息
2008	周边换购	紧急替代品请求
2009	周边换购	对手的竞争性请求
2010	暗中交易	竞争对手提出的交易
2011	周边换购	学校开放日的申请
2012	地下渠道	来自地下渠道的消息
2013	周边换购	紧急替代品请求
2014	周边换购	对手的竞争性请求
2015	暗中交易	竞争对手提出的交易
2016	周边换购	学校开放日的申请
2017	地下渠道	来自地下渠道的消息
2018	周边换购	紧急替代品请求
2019	周边换购	对手的竞争性请求
2020	暗中交易	竞争对手提出的交易
2021	周边换购	学校开放日的申请
2022	地下渠道	来自地下渠道的消息
2023	周边换购	紧急替代品请求
2024	周边换购	对手的竞争性请求
2025	暗中交易	竞争对手提出的交易
2026	周边换购	学校开放日的申请
2027	地下渠道	来自地下渠道的消息
2028	周边换购	紧急替代品请求
2029	周边换购	对手的竞争性请求
2030	暗中交易	竞争对手提出的交易
2031	周边换购	学校开放日的申请
2032	地下渠道	来自地下渠道的消息
2033	周边换购	紧急替代品请求
2034	周边换购	对手的竞争性请求
2035	暗中交易	竞争对手提出的交易
2036	周边换购	学校开放日的申请
2037	地下渠道	来自地下渠道的消息
2038	周边换购	紧急替代品请求
2039	周边换购	对手的竞争性请求
2040	暗中交易	竞争对手提出的交易
2041	周边换购	学校开放日的申请
2042	地下渠道	来自地下渠道的消息
2043	周边换购	紧急替代品请求
2044	周边换购	对手的竞争性请求
2045	暗中交易	竞争对手提出的交易
2046	周边换购	学校开放日的申请
2047	地下渠道	来自地下渠道的消息
2048	周边换购	紧急替代品请求
2049	周边换购	对手的竞争性请求
2050	暗中交易	竞争对手提出的交易
2051	周边换购	学校开放日的申请
2052	地下渠道	来自地下渠道的消息
2053	周边换购	紧急替代品请求
2054	周边换购	对手的竞争性请求
2055	暗中交易	竞争对手提出的交易
2056	周边换购	学校开放日的申请
2057	地下渠道	来自地下渠道的消息
2058	周边换购	紧急替代品请求
2059	周边换购	对手的竞争性请求
2060	暗中交易	竞争对手提出的交易
2061	周边换购	学校开放日的申请
2062	地下渠道	来自地下渠道的消息
2063	周边换购	紧急替代品请求
2064	周边换购	对手的竞争性请求
2065	暗中交易	竞争对手提出的交易
2066	周边换购	学校开放日的申请
2067	地下渠道	来自地下渠道的消息
2068	周边换购	紧急替代品请求
2069	周边换购	对手的竞争性请求
2070	暗中交易	竞争对手提出的交易
2071	周边换购	学校开放日的申请
2072	地下渠道	来自地下渠道的消息
2073	周边换购	紧急替代品请求
2074	周边换购	对手的竞争性请求
2075	暗中交易	竞争对手提出的交易
2076	周边换购	学校开放日的申请
2077	地下渠道	来自地下渠道的消息
2078	周边换购	紧急替代品请求
2079	周边换购	对手的竞争性请求
2080	暗中交易	竞争对手提出的交易
2081	周边换购	学校开放日的申请
2082	地下渠道	来自地下渠道的消息
2083	周边换购	紧急替代品请求
2084	周边换购	对手的竞争性请求
2085	暗中交易	竞争对手提出的交易
2086	周边换购	学校开放日的申请
2087	地下渠道	来自地下渠道的消息
2088	周边换购	紧急替代品请求
2089	周边换购	对手的竞争性请求
2090	暗中交易	竞争对手提出的交易
2091	周边换购	学校开放日的申请
2092	地下渠道	来自地下渠道的消息
2093	周边换购	紧急替代品请求
2094	周边换购	对手的竞争性请求
2095	暗中交易	竞争对手提出的交易
2096	周边换购	学校开放日的申请
2097	地下渠道	来自地下渠道的消息
2098	周边换购	紧急替代品请求
2099	周边换购	对手的竞争性请求
2100	暗中交易	竞争对手提出的交易
