int	string	string	int	int	int	int	int[]	bool	int	DTItemNum[]	bool	int	int	int	int	string	int
id	名称	道具描述	图标	星级	类型	最大堆叠数量	获取途径	是否可使用	使用类型	使用奖励	是否可出售	出售价格	资产合成id	艺人id	艺人合成数量需求	获取途径说明	打点判断
id	zh_cn_name	zh_cn_item_des	icon	star	type	max_num	get_way	can_use	use_type	reward	can_sell	price	syn_id	actor_id	actor_num	zh_cn_get_way_explain	User_item_info
1	钻石	用于游戏内消费	2001	0	1	0	22	0	0		0	0	0	0	0	通过充值获得	1
2	金币	用于建筑、艺人升级	2002	0	2	0	5;52	0	0		0	0	0	0	0	占领市场可获得大量金币，订单中也会获得一些	1
3	美元	用于市场宣传与占领	2003	0	3	0	3;53	0	0		0	0	0	0	0	通过拍摄电影获得，公务中也可获得一些	1
4	拍摄许可证	用于拍摄电影	2004	0	10	2	0	0	0		0	0	0	0	0	每隔一段时间电影协会都会发放一张	0
5	粉丝	粉丝数量越多，公司等级越高	2043	0	11	0	0	0	0		0	0	0	0	0	市场占领，拍摄电影都会获得	1
6	点赞	用于招募艺人和搜寻剧本	2044	0	12	0	3;53;55	0	0		0	0	0	0	0	电影的媒体评价越高，获得的点赞数就越多	1
7	生产图纸	生产电影周边需要消耗的图纸	2045	0	5	9999	3;21	0	0		0	0	0	0	0	通过拍摄电影获得,会议和公务中也可获得	1
8	期待	提升电影的上映票房	2047	0	13	0	0	0	0		0	0	0	0	0	订单、公务、粉丝、会议都可获得	0
9	小秘书	小秘书	5038	0	0	0	0	0	0		0	0	0	0	0	施工中	0
14	奖杯	每天22点由奥斯卡颁发的奖杯，奖杯越多，比赛档次越高	2052	0	14	0	0	0	0		0	0	0	0	0	奥斯卡颁发的奖杯，大卖电影越多，获得的奖杯越多	1
15	艺人体力	用于释放技能的体力值	2050	0	15	9999	0	0	0		0	0	0	0	0	用于释放技能的体力值	0
4001	飞船模型	经常在银河战争中出现的飞船，最新研究的激光发射器使其具备无与伦比的攻击力	2005	0	4	9999	51;3	0	0		1	10	0	0	0	拍摄电影有时会得到周边产品，也可以通过完成生产能获得	1
4002	魔法杖	这根魔法杖的使用者只有两种结局，统一大陆或者死于非命，而今，它来到你的身边……	2006	0	4	9999	51;3	0	0		1	10	0	0	0	拍摄电影有时会得到周边产品，也可以通过完成生产能获得	1
4003	笔记本电脑	贵重的的社会精英用品，身份的象征	2007	0	4	9999	51;3	0	0		1	10	0	0	0	拍摄电影有时会得到周边产品，也可以通过完成生产能获得	1
4004	鸭舌帽	曾经是一个残疾奥运会选手的最爱，感觉多洗两次就掉色了	2008	0	4	9999	51;3	0	0		1	10	0	0	0	拍摄电影有时会得到周边产品，也可以通过完成生产能获得	1
4005	破损头盔	它的主人是凭借一人之力拯救198名队友的医疗兵	2009	0	4	9999	51;3	0	0		1	10	0	0	0	拍摄电影有时会得到周边产品，也可以通过完成生产能获得	1
4006	丛林部落雕像	胡博士相信这个雕像能给予他极佳的运气，每当遇到危险他的第一反应都是保护这个雕像	2010	0	4	9999	51;3	0	0		1	10	0	0	0	拍摄电影有时会得到周边产品，也可以通过完成生产能获得	1
4007	盾牌	七国时期著名大将蒙梭的盾牌，陪伴他打过无数战斗	2011	0	4	9999	51;3	0	0		1	10	0	0	0	拍摄电影有时会得到周边产品，也可以通过完成生产能获得	1
4008	匕首	史上最大银行劫案“三亿英镑大劫案”的罪犯在实施犯罪时所使用的匕首	2012	0	4	9999	51;3	0	0		1	10	0	0	0	拍摄电影有时会得到周边产品，也可以通过完成生产能获得	1
4009	黑色宽檐帽	最强特工008的宽檐帽，具有GPS定位、无线信号接收、窃听器等功能……当然是不存在的	2013	0	4	9999	51;3	0	0		1	10	0	0	0	拍摄电影有时会得到周边产品，也可以通过完成生产能获得	1
4010	对讲机	拥有照明、点火、太阳能充电、防水等功能，灾难来临时的必备用品，就是不能通话	2014	0	4	9999	51;3	0	0		1	10	0	0	0	拍摄电影有时会得到周边产品，也可以通过完成生产能获得	1
4011	日记本	主角童年使用的日记本同款，或许你也能从自己的抽屉里找到	2015	0	4	9999	51;3	0	0		1	10	0	0	0	拍摄电影有时会得到周边产品，也可以通过完成生产能获得	1
4012	小丑鞋	小孩看到它都想穿在脚上玩	2016	0	4	9999	51;3	0	0		1	10	0	0	0	拍摄电影有时会得到周边产品，也可以通过完成生产能获得	1
4013	拳套	每个细节都还原了武术天才曾经用过的拳套	2017	0	4	9999	51;3	0	0		1	10	0	0	0	拍摄电影有时会得到周边产品，也可以通过完成生产能获得	1
4014	心型气球	见证过无数情侣的结合，将世间最动人的瞬间铭记在此	2018	0	4	9999	51;3	0	0		1	10	0	0	0	拍摄电影有时会得到周边产品，也可以通过完成生产能获得	1
4015	唱片机	可以无数遍重听那首洗脑神曲	2019	0	4	9999	51;3	0	0		1	10	0	0	0	拍摄电影有时会得到周边产品，也可以通过完成生产能获得	1
4016	白手套	体验和主角一样的恐慌、无助，只是你不需要解谜来获得钥匙	2020	0	4	9999	51;3	0	0		1	10	0	0	0	拍摄电影有时会得到周边产品，也可以通过完成生产能获得	1
4017	面具	每个戴上这个面具的人，都将获得那个恐怖的名字	2021	0	4	9999	51;3	0	0		1	10	0	0	0	拍摄电影有时会得到周边产品，也可以通过完成生产能获得	1
4018	玩偶	Q版而充满童真，看到的人都想捏一捏	2022	0	4	9999	51;3	0	0		1	10	0	0	0	拍摄电影有时会得到周边产品，也可以通过完成生产能获得	1
6101	1星滑板	可以送给偶像派艺人增加忠诚度。在仓库可合成为高星资产	2023	1301	6	9999	3;7	0	0		1	10	6101	0	0	完成订单后可以获得艺人资产	1
6102	1星小提琴	可以送给欧洲艺人增加忠诚度。在仓库可合成为高星资产	2024	1301	6	9999	3;7	0	0		1	10	6102	0	0	完成订单后可以获得艺人资产	1
6103	1星折扇	可以送给亚洲艺人增加忠诚度。在仓库可合成为高星资产	2025	1301	6	9999	3;7	0	0		1	10	6103	0	0	完成订单后可以获得艺人资产	1
6104	1星烟斗	可以送给男性艺人增加忠诚度。在仓库可合成为高星资产	2026	1301	6	9999	3;7	0	0		1	10	6104	0	0	完成订单后可以获得艺人资产	1
6105	1星高跟鞋	可以送给女性艺人增加忠诚度。在仓库可合成为高星资产	2027	1301	6	9999	3;7	0	0		1	10	6105	0	0	完成订单后可以获得艺人资产	1
6106	1星低帮球鞋	可以送给青春型艺人增加忠诚度。在仓库可合成为高星资产	2028	1301	6	9999	3;7	0	0		1	10	6106	0	0	完成订单后可以获得艺人资产	1
6107	1星雕塑	可以送给演技派艺人增加忠诚度。在仓库可合成为高星资产	2029	1301	6	9999	3;7	0	0		1	10	6107	0	0	完成订单后可以获得艺人资产	1
6108	1星手表	可以送给成熟型艺人增加忠诚度。在仓库可合成为高星资产	2030	1301	6	9999	3;7	0	0		1	10	6108	0	0	完成订单后可以获得艺人资产	1
6109	1星手机	可以送给北美艺人增加忠诚度。在仓库可合成为高星资产	2031	1301	6	9999	3;7	0	0		1	10	6109	0	0	完成订单后可以获得艺人资产	1
6201	2星滑板	可以送给偶像派艺人增加忠诚度。在仓库可分解为低星资产，合成为高星资产	2023	1302	6	9999	3;7	0	0		1	10	6201	0	0	完成订单后可以获得艺人资产	1
6202	2星小提琴	可以送给欧洲艺人增加忠诚度。在仓库可分解为低星资产，合成为高星资产	2024	1302	6	9999	3;7	0	0		1	10	6202	0	0	完成订单后可以获得艺人资产	1
6203	2星折扇	可以送给亚洲艺人增加忠诚度。在仓库可分解为低星资产，合成为高星资产	2025	1302	6	9999	3;7	0	0		1	10	6203	0	0	完成订单后可以获得艺人资产	1
6204	2星烟斗	可以送给男性艺人增加忠诚度。在仓库可分解为低星资产，合成为高星资产	2026	1302	6	9999	3;7	0	0		1	10	6204	0	0	完成订单后可以获得艺人资产	1
6205	2星高跟鞋	可以送给女性艺人增加忠诚度。在仓库可分解为低星资产，合成为高星资产	2027	1302	6	9999	3;7	0	0		1	10	6205	0	0	完成订单后可以获得艺人资产	1
6206	2星低帮球鞋	可以送给青春型艺人增加忠诚度。在仓库可分解为低星资产，合成为高星资产	2028	1302	6	9999	3;7	0	0		1	10	6206	0	0	完成订单后可以获得艺人资产	1
6207	2星雕塑	可以送给演技派艺人增加忠诚度。在仓库可分解为低星资产，合成为高星资产	2029	1302	6	9999	3;7	0	0		1	10	6207	0	0	完成订单后可以获得艺人资产	1
6208	2星手表	可以送给成熟型艺人增加忠诚度。在仓库可分解为低星资产，合成为高星资产	2030	1302	6	9999	3;7	0	0		1	10	6208	0	0	完成订单后可以获得艺人资产	1
6209	2星手机	可以送给北美艺人增加忠诚度。在仓库可分解为低星资产，合成为高星资产	2031	1302	6	9999	3;7	0	0		1	10	6209	0	0	完成订单后可以获得艺人资产	1
6301	3星滑板	可以送给偶像派艺人增加忠诚度。在仓库可分解为低星资产	2023	1303	6	9999	3;7	0	0		1	10	6301	0	0	完成订单后可以获得艺人资产	1
6302	3星小提琴	可以送给欧洲艺人增加忠诚度。在仓库可分解为低星资产	2024	1303	6	9999	3;7	0	0		1	10	6302	0	0	完成订单后可以获得艺人资产	1
6303	3星折扇	可以送给亚洲艺人增加忠诚度。在仓库可分解为低星资产	2025	1303	6	9999	3;7	0	0		1	10	6303	0	0	完成订单后可以获得艺人资产	1
6304	3星烟斗	可以送给男性艺人增加忠诚度。在仓库可分解为低星资产	2026	1303	6	9999	3;7	0	0		1	10	6304	0	0	完成订单后可以获得艺人资产	1
6305	3星高跟鞋	可以送给女性艺人增加忠诚度。在仓库可分解为低星资产	2027	1303	6	9999	3;7	0	0		1	10	6305	0	0	完成订单后可以获得艺人资产	1
6306	3星低帮球鞋	可以送给青春型艺人增加忠诚度。在仓库可分解为低星资产	2028	1303	6	9999	3;7	0	0		1	10	6306	0	0	完成订单后可以获得艺人资产	1
6307	3星雕塑	可以送给演技派艺人增加忠诚度。在仓库可分解为低星资产	2029	1303	6	9999	3;7	0	0		1	10	6307	0	0	完成订单后可以获得艺人资产	1
6308	3星手表	可以送给成熟型艺人增加忠诚度。在仓库可分解为低星资产	2030	1303	6	9999	3;7	0	0		1	10	6308	0	0	完成订单后可以获得艺人资产	1
6309	3星手机	可以送给北美艺人增加忠诚度。在仓库可分解为低星资产	2031	1303	6	9999	3;7	0	0		1	10	6309	0	0	完成订单后可以获得艺人资产	1
9001	钢材	升级电影院等建筑和扩建楼层时使用的材料	2032	0	9	9999	53;54;3	0	0		0	0	0	0	0	通过探班和公务获得，在电影下映后的持续收益中也能获得	1
9002	涂料	升级经营类建筑的材料	2033	0	9	9999	52;54;3	0	0		0	0	0	0	0	可以在订单或粉丝探班中获得，电影下映后的持续收益也能获得	1
9003	水泥	升级仓库的建筑材料	2034	0	9	9999	3	0	0		0	0	0	0	0	可通过拍摄电影获得	1
9004	砖头	升级艺人教室等建筑的材料	2035	0	9	9999	55	0	0		0	0	0	0	0	完成会议获得	1
5001	培养手册	当天的培养次数使用完后，消耗此道具可以增加额外培养次数	2036	0	5	9999	21;106	0	0		1	10	0	0	0	商城购买，比赛档次提升也可获得大量	1
5002	邀请函	邀请艺人进行通告的函件	2037	0	5	9999	53	0	0		1	10	0	0	0	可在公务中获得	1
5003	忠诚奖章	增加艺人相应资产的赠送上限	2038	0	5	9999	106	0	0		1	10	0	0	0	提升比赛档次时获得	1
5004	进修券	培养艺人所需要消耗的物品	2039	0	5	9999	52	0	0		1	10	0	0	0	可通过订单获得	1
5005	宣传册	宣传册可以增加电影关注度，提升电影的持续收益	2040	0	5	9999	52	0	0		1	10	0	0	0	奥斯卡颁奖时获得，订单中也会获得一部分	1
5006	喇叭（废弃）	#N/A	2041	0	5	9999	21	0	0		1	10	0	0	0	施工中	0
5007	星探放大镜	星探次数使用完或正在恢复中时消耗此道具可以立刻探查一次	2046	0	5	9999	21;106	0	0		0	0	0	0	0	商城购买，比赛档次提升也可获得大量	1
5008	改名卡	修改玩家名字时使用的道具	2048	0	5	9999	21	0	0		0	0	0	0	0	通过商店购买获得	0
5009	通告函（废弃）	无	2049	0	5	9999	0	0	0		0	0	0	0	0	施工中	0
5010	技能药剂	恢复25点艺人体力值	2050	0	5	9999	21	1	3	15:25	0	0	0	0	0	通过商店购买获得	1
5011	亲密卡（废弃）	#N/A	2036	0	5	9999	0	0	0		0	0	0	0	0	施工中	0
5012	听课证	开通助理课程所需要的道具	2049	0	5	9999	21;25	0	0		0	0	0	0	0	通过商店购买获得	1
8001	一星资产礼包	打开会获得一份随机1星艺人资产	2042	1301	8	9999	0	1	2	6101:1;6102:1;6103:1;6104:1;6105:1;6106:1;6107:1;6108:1;6109:1	0	0	0	0	0	通过活动获得	0
8002	二星资产礼包	打开会获得一份随机2星艺人资产	2042	1302	8	9999	0	1	2	6201:1;6202:1;6203:1;6204:1;6205:1;6206:1;6207:1;6208:1;6209:1	0	0	0	0	0	通过活动获得	0
8003	三星资产礼包	打开会获得一份随机3星艺人资产	2042	1303	8	9999	0	1	2	6301:1;6302:1;6303:1;6304:1;6305:1;6306:1;6307:1;6308:1;6309:1	0	0	0	0	0	通过活动获得	0
8004	资产大礼包	打开获得大量艺人资产	2042	0	8	9999	25	1	1	6101:100;6102:100;6103:100;6104:100;6105:100;6106:100;6107:100;6108:100;6109:100	0	0	0	0	0	通过活动获得	0
8005	资源大礼包·一	打开获得金币*100万、美金*50万、点赞*1万、生产图纸*100、星探放大镜*10	2042	0	8	9999	25	1	1	2:1000000;3:500000;6:10000;7:100;5007:10	0	0	0	0	0	通过活动获得	0
8006	资源大礼包·二	打开获得金币*100万、美金*50万、点赞*1万、生产图纸*100、星探放大镜*10	2042	0	8	9999	25	1	1	2:1000000;3:500000;6:10000;7:100;5007:10	0	0	0	0	0	通过活动获得	0
8007	资源大礼包·三	打开获得金币*100万、美金*50万、点赞*1万、生产图纸*200、星探放大镜*20	2042	0	8	9999	25	1	1	2:1000000;3:500000;6:10000;7:200;5007:20	0	0	0	0	0	通过活动获得	0
8008	资源大礼包·四	打开获得金币*200万、美金*50万、点赞*2万、生产图纸*100、星探放大镜*10	2042	0	8	9999	25	1	1	2:2000000;3:500000;6:20000;7:100;5007:10	0	0	0	0	0	通过活动获得	0
8009	资源大礼包·五	打开获得金币*500万、美金*50万、生产图纸*100、进修券*200	2042	0	8	9999	25	1	1	2:5000000;3:500000;7:100;5004:200	0	0	0	0	0	通过活动获得	0
8010	资源大礼包·六	打开获得金币*500万、点赞*2万、生产图纸*200、进修券*200	2042	0	8	9999	25	1	1	2:5000000;6:20000;7:200;5004:200	0	0	0	0	0	通过活动获得	0
8011	资源大礼包·七	打开获得金币*800万、美金*100万	2042	0	8	9999	25	1	1	2:8000000;3:1000000	0	0	0	0	0	通过活动获得	0
7001	斯昆合同	收集10份可以签约艺人斯昆	1014	1301	7	9999	25	1	0	0	0	0	0	1001	10	星探招募已拥有的艺人时可获得艺人合同	0
7002	查姆合同	收集10份可以签约艺人查姆	1050	1301	7	9999	25	1	0	0	0	0	0	1002	10	星探招募已拥有的艺人时可获得艺人合同	0
7003	谢波合同	收集10份可以签约艺人谢波	1072	1301	7	9999	25	1	0	0	0	0	0	1003	10	星探招募已拥有的艺人时可获得艺人合同	0
7004	斯诺合同	收集10份可以签约艺人斯诺	1082	1301	7	9999	25	1	0	0	0	0	0	1004	10	星探招募已拥有的艺人时可获得艺人合同	0
7005	章芬合同	收集10份可以签约艺人章芬	1055	1301	7	9999	25	1	0	0	0	0	0	1005	10	星探招募已拥有的艺人时可获得艺人合同	0
7006	凯特合同	收集10份可以签约艺人凯特	1097	1301	7	9999	25	1	0	0	0	0	0	1006	10	星探招募已拥有的艺人时可获得艺人合同	0
7007	汉克合同	收集20份可以签约艺人汉克	1003	1302	7	9999	25	1	0	0	0	0	0	2001	20	星探招募已拥有的艺人时可获得艺人合同	0
7008	罗素合同	收集20份可以签约艺人罗素	1006	1302	7	9999	25	1	0	0	0	0	0	2002	20	星探招募已拥有的艺人时可获得艺人合同	0
7009	贾亭合同	收集20份可以签约艺人贾亭	1023	1302	7	9999	25	1	0	0	0	0	0	2003	20	星探招募已拥有的艺人时可获得艺人合同	0
7010	汉克特合同	收集20份可以签约艺人汉克特	1047	1302	7	9999	25	1	0	0	0	0	0	2004	20	星探招募已拥有的艺人时可获得艺人合同	0
7011	裘华合同	收集20份可以签约艺人裘华	1063	1302	7	9999	25	1	0	0	0	0	0	2005	20	星探招募已拥有的艺人时可获得艺人合同	0
7012	张宁玉合同	收集20份可以签约艺人张宁玉	1067	1302	7	9999	25	1	0	0	0	0	0	2006	20	星探招募已拥有的艺人时可获得艺人合同	0
7013	龚莉合同	收集20份可以签约艺人龚莉	1068	1302	7	9999	25	1	0	0	0	0	0	2007	20	星探招募已拥有的艺人时可获得艺人合同	0
7014	郭达森合同	收集20份可以签约艺人郭达森	1078	1302	7	9999	25	1	0	0	0	0	0	2008	20	星探招募已拥有的艺人时可获得艺人合同	0
7015	桑德亚合同	收集20份可以签约艺人桑德亚	1083	1302	7	9999	25	1	0	0	0	0	0	2009	20	星探招募已拥有的艺人时可获得艺人合同	0
7016	赵古拉合同	收集20份可以签约艺人赵古拉	1084	1302	7	9999	25	1	0	0	0	0	0	2010	20	星探招募已拥有的艺人时可获得艺人合同	0
7017	鲁妮拉合同	收集20份可以签约艺人鲁妮拉	1086	1302	7	9999	25	1	0	0	0	0	0	2011	20	星探招募已拥有的艺人时可获得艺人合同	0
7018	绪子合同	收集20份可以签约艺人绪子	1089	1302	7	9999	25	1	0	0	0	0	0	2012	20	星探招募已拥有的艺人时可获得艺人合同	0
7019	戴维合同	收集20份可以签约艺人戴维	1007	1302	7	9999	25	1	0	0	0	0	0	2013	20	星探招募已拥有的艺人时可获得艺人合同	0
7020	西尔合同	收集20份可以签约艺人西尔	1091	1302	7	9999	25	1	0	0	0	0	0	2014	20	星探招募已拥有的艺人时可获得艺人合同	0
7021	薇丝帕合同	收集20份可以签约艺人薇丝帕	1060	1302	7	9999	25	1	0	0	0	0	0	2015	20	星探招募已拥有的艺人时可获得艺人合同	0
7022	施格尔合同	收集30份可以签约艺人施格尔	1008	1303	7	9999	25	1	0	0	0	0	0	3001	30	星探招募已拥有的艺人时可获得艺人合同	0
7023	查林合同	收集30份可以签约艺人查林	1010	1303	7	9999	25	1	0	0	0	0	0	3002	30	星探招募已拥有的艺人时可获得艺人合同	0
7024	马度龙合同	收集30份可以签约艺人马度龙	1011	1303	7	9999	25	1	0	0	0	0	0	3003	30	星探招募已拥有的艺人时可获得艺人合同	0
7025	莫里曼合同	收集30份可以签约艺人莫里曼	1012	1303	7	9999	25	1	0	0	0	0	0	3004	30	星探招募已拥有的艺人时可获得艺人合同	0
7026	詹一合同	收集30份可以签约艺人詹一	1019	1303	7	9999	25	1	0	0	0	0	0	3005	30	星探招募已拥有的艺人时可获得艺人合同	0
7027	索菲合同	收集30份可以签约艺人索菲	1056	1303	7	9999	25	1	0	0	0	0	0	3006	30	星探招募已拥有的艺人时可获得艺人合同	0
7028	威廉合同	收集30份可以签约艺人威廉	1064	1303	7	9999	25	1	0	0	0	0	0	3007	30	星探招募已拥有的艺人时可获得艺人合同	0
7029	格伦合同	收集30份可以签约艺人格伦	1065	1303	7	9999	25	1	0	0	0	0	0	3008	30	星探招募已拥有的艺人时可获得艺人合同	0
7030	玛歌合同	收集30份可以签约艺人玛歌	1071	1303	7	9999	25	1	0	0	0	0	0	3009	30	星探招募已拥有的艺人时可获得艺人合同	0
7031	盖瑞特合同	收集30份可以签约艺人盖瑞特	1073	1303	7	9999	25	1	0	0	0	0	0	3010	30	星探招募已拥有的艺人时可获得艺人合同	0
7032	克拉丽丝合同	收集30份可以签约艺人克拉丽丝	1080	1303	7	9999	25	1	0	0	0	0	0	3011	30	星探招募已拥有的艺人时可获得艺人合同	0
7033	查克合同	收集30份可以签约艺人查克	1085	1303	7	9999	25	1	0	0	0	0	0	3012	30	星探招募已拥有的艺人时可获得艺人合同	0
7034	迪娜合同	收集30份可以签约艺人迪娜	1087	1303	7	9999	25	1	0	0	0	0	0	3013	30	星探招募已拥有的艺人时可获得艺人合同	0
7035	北原合同	收集30份可以签约艺人北原	1090	1303	7	9999	25	1	0	0	0	0	0	3014	30	星探招募已拥有的艺人时可获得艺人合同	0
7036	卡森合同	收集30份可以签约艺人卡森	1088	1303	7	9999	25	1	0	0	0	0	0	3015	30	星探招募已拥有的艺人时可获得艺人合同	0
7037	巴拉娜合同	收集30份可以签约艺人巴拉娜	1093	1303	7	9999	25	1	0	0	0	0	0	3016	30	星探招募已拥有的艺人时可获得艺人合同	0
7038	巴顿合同	收集30份可以签约艺人巴顿	1098	1303	7	9999	25	1	0	0	0	0	0	3017	30	星探招募已拥有的艺人时可获得艺人合同	0
7039	孔毅合同	收集30份可以签约艺人孔毅	1100	1303	7	9999	25	1	0	0	0	0	0	3018	30	星探招募已拥有的艺人时可获得艺人合同	0
7040	玛丽安合同	收集40份可以签约艺人玛丽安	1017	1304	7	9999	25	1	0	0	0	0	0	4001	40	星探招募已拥有的艺人时可获得艺人合同	0
7041	克洛伊合同	收集40份可以签约艺人克洛伊	1022	1304	7	9999	25	1	0	0	0	0	0	4002	40	星探招募已拥有的艺人时可获得艺人合同	0
7042	安娜合同	收集40份可以签约艺人安娜	1029	1304	7	9999	25	1	0	0	0	0	0	4003	40	星探招募已拥有的艺人时可获得艺人合同	0
7043	布兰顿合同	收集40份可以签约艺人布兰顿	1031	1304	7	9999	25	1	0	0	0	0	0	4004	40	星探招募已拥有的艺人时可获得艺人合同	0
7044	埃文合同	收集40份可以签约艺人埃文	1001	1304	7	9999	25	1	0	0	0	0	0	4005	40	星探招募已拥有的艺人时可获得艺人合同	0
7045	瑞克合同	收集40份可以签约艺人瑞克	1015	1304	7	9999	25	1	0	0	0	0	0	4006	40	星探招募已拥有的艺人时可获得艺人合同	0
7046	乔克合同	收集40份可以签约艺人乔克	1016	1304	7	9999	25	1	0	0	0	0	0	4007	40	星探招募已拥有的艺人时可获得艺人合同	0
7047	林斯合同	收集40份可以签约艺人林斯	1020	1304	7	9999	25	1	0	0	0	0	0	4008	40	星探招募已拥有的艺人时可获得艺人合同	0
7048	托尼合同	收集40份可以签约艺人托尼	1024	1304	7	9999	25	1	0	0	0	0	0	4009	40	星探招募已拥有的艺人时可获得艺人合同	0
7049	曼迪合同	收集40份可以签约艺人曼迪	1025	1304	7	9999	25	1	0	0	0	0	0	4010	40	星探招募已拥有的艺人时可获得艺人合同	0
7050	凯莉合同	收集40份可以签约艺人凯莉	1037	1304	7	9999	25	1	0	0	0	0	0	4011	40	星探招募已拥有的艺人时可获得艺人合同	0
7051	诺尔合同	收集40份可以签约艺人诺尔	1042	1304	7	9999	25	1	0	0	0	0	0	4012	40	星探招募已拥有的艺人时可获得艺人合同	0
7052	本杰明合同	收集40份可以签约艺人本杰明	1044	1304	7	9999	25	1	0	0	0	0	0	4013	40	星探招募已拥有的艺人时可获得艺人合同	0
7053	蒂莫西合同	收集40份可以签约艺人蒂莫西	1046	1304	7	9999	25	1	0	0	0	0	0	4014	40	星探招募已拥有的艺人时可获得艺人合同	0
7054	詹娜合同	收集40份可以签约艺人詹娜	1053	1304	7	9999	25	1	0	0	0	0	0	4015	40	星探招募已拥有的艺人时可获得艺人合同	0
7055	琳达合同	收集40份可以签约艺人琳达	1058	1304	7	9999	25	1	0	0	0	0	0	4016	40	星探招募已拥有的艺人时可获得艺人合同	0
7056	马里合同	收集40份可以签约艺人马里	1066	1304	7	9999	25	1	0	0	0	0	0	4017	40	星探招募已拥有的艺人时可获得艺人合同	0
7057	普尔合同	收集40份可以签约艺人普尔	1045	1304	7	9999	25	1	0	0	0	0	0	4018	40	星探招募已拥有的艺人时可获得艺人合同	0
7058	米妮合同	收集40份可以签约艺人米妮	1081	1304	7	9999	25	1	0	0	0	0	0	4019	40	星探招募已拥有的艺人时可获得艺人合同	0
7059	文森特合同	收集40份可以签约艺人文森特	1070	1304	7	9999	25	1	0	0	0	0	0	4020	40	星探招募已拥有的艺人时可获得艺人合同	0
7060	布拉德合同	收集40份可以签约艺人布拉德	1074	1304	7	9999	25	1	0	0	0	0	0	4021	40	星探招募已拥有的艺人时可获得艺人合同	0
7061	贾维合同	收集40份可以签约艺人贾维	1075	1304	7	9999	25	1	0	0	0	0	0	4022	40	星探招募已拥有的艺人时可获得艺人合同	0
7062	爱丽合同	收集40份可以签约艺人爱丽	1002	1304	7	9999	25	1	0	0	0	0	0	4023	40	星探招募已拥有的艺人时可获得艺人合同	0
7063	凯文合同	收集40份可以签约艺人凯文	1092	1304	7	9999	25	1	0	0	0	0	0	4024	40	星探招募已拥有的艺人时可获得艺人合同	0
7064	奥利维亚合同	收集40份可以签约艺人奥利维亚	1052	1304	7	9999	25	1	0	0	0	0	0	4025	40	星探招募已拥有的艺人时可获得艺人合同	0
7065	哈里合同	收集40份可以签约艺人哈里	1094	1304	7	9999	25	1	0	0	0	0	0	4026	40	星探招募已拥有的艺人时可获得艺人合同	0
7066	贝蒂合同	收集40份可以签约艺人贝蒂	1095	1304	7	9999	25	1	0	0	0	0	0	4027	40	星探招募已拥有的艺人时可获得艺人合同	0
7067	杨梓合同	收集40份可以签约艺人杨梓	1096	1304	7	9999	25	1	0	0	0	0	0	4028	40	星探招募已拥有的艺人时可获得艺人合同	0
7068	埃尔顿合同	收集40份可以签约艺人埃尔顿	1099	1304	7	9999	25	1	0	0	0	0	0	4029	40	星探招募已拥有的艺人时可获得艺人合同	0
7069	贝拉合同	收集40份可以签约艺人贝拉	1062	1304	7	9999	25	1	0	0	0	0	0	4030	40	星探招募已拥有的艺人时可获得艺人合同	0
7070	莱奥合同	收集50份可以签约艺人莱奥	1004	1305	7	9999	25	1	0	0	0	0	0	5001	50	星探招募已拥有的艺人时可获得艺人合同	0
7071	罗德尼合同	收集50份可以签约艺人罗德尼	1005	1305	7	9999	25	1	0	0	0	0	0	5002	50	星探招募已拥有的艺人时可获得艺人合同	0
7072	迪普合同	收集50份可以签约艺人迪普	1009	1305	7	9999	25	1	0	0	0	0	0	5003	50	星探招募已拥有的艺人时可获得艺人合同	0
7073	丹尼合同	收集50份可以签约艺人丹尼	1030	1305	7	9999	25	1	0	0	0	0	0	5004	50	星探招募已拥有的艺人时可获得艺人合同	0
7074	布拉德利合同	收集50份可以签约艺人布拉德利	1013	1305	7	9999	25	1	0	0	0	0	0	5005	50	星探招募已拥有的艺人时可获得艺人合同	0
7075	玛拉合同	收集50份可以签约艺人玛拉	1018	1305	7	9999	25	1	0	0	0	0	0	5006	50	星探招募已拥有的艺人时可获得艺人合同	0
7076	简合同	收集50份可以签约艺人简	1021	1305	7	9999	25	1	0	0	0	0	0	5007	50	星探招募已拥有的艺人时可获得艺人合同	0
7077	克拉特合同	收集50份可以签约艺人克拉特	1026	1305	7	9999	25	1	0	0	0	0	0	5008	50	星探招募已拥有的艺人时可获得艺人合同	0
7078	琼斯合同	收集50份可以签约艺人琼斯	1028	1305	7	9999	25	1	0	0	0	0	0	5009	50	星探招募已拥有的艺人时可获得艺人合同	0
7079	海克斯合同	收集50份可以签约艺人海克斯	1057	1305	7	9999	25	1	0	0	0	0	0	5010	50	星探招募已拥有的艺人时可获得艺人合同	0
7080	杰克合同	收集50份可以签约艺人杰克	1061	1305	7	9999	25	1	0	0	0	0	0	5011	50	星探招募已拥有的艺人时可获得艺人合同	0
7081	伯恩合同	收集50份可以签约艺人伯恩	1076	1305	7	9999	25	1	0	0	0	0	0	5012	50	星探招募已拥有的艺人时可获得艺人合同	0
7082	高登合同	收集50份可以签约艺人高登	1077	1305	7	9999	25	1	0	0	0	0	0	5013	50	星探招募已拥有的艺人时可获得艺人合同	0
7083	特鲁斯合同	收集50份可以签约艺人特鲁斯	1036	1305	7	9999	25	1	0	0	0	0	0	5014	50	星探招募已拥有的艺人时可获得艺人合同	0
7084	斯黛拉合同	收集50份可以签约艺人斯黛拉	1038	1305	7	9999	25	1	0	0	0	0	0	5015	50	星探招募已拥有的艺人时可获得艺人合同	0
7085	艾莉森合同	收集50份可以签约艺人艾莉森	1039	1305	7	9999	25	1	0	0	0	0	0	5016	50	星探招募已拥有的艺人时可获得艺人合同	0
7086	威利合同	收集50份可以签约艺人威利	1033	1305	7	9999	25	1	0	0	0	0	0	5017	50	星探招募已拥有的艺人时可获得艺人合同	0
7087	本合同	收集50份可以签约艺人本	1032	1305	7	9999	25	1	0	0	0	0	0	5018	50	星探招募已拥有的艺人时可获得艺人合同	0
7088	艾丽娅合同	收集50份可以签约艺人艾丽娅	1040	1305	7	9999	25	1	0	0	0	0	0	5019	50	星探招募已拥有的艺人时可获得艺人合同	0
7089	琼合同	收集50份可以签约艺人琼	1041	1305	7	9999	25	1	0	0	0	0	0	5020	50	星探招募已拥有的艺人时可获得艺人合同	0
7090	大卫合同	收集50份可以签约艺人大卫	1043	1305	7	9999	25	1	0	0	0	0	0	5021	50	星探招募已拥有的艺人时可获得艺人合同	0
7091	格雷合同	收集50份可以签约艺人格雷	1048	1305	7	9999	25	1	0	0	0	0	0	5022	50	星探招募已拥有的艺人时可获得艺人合同	0
7092	丽兹合同	收集50份可以签约艺人丽兹	1049	1305	7	9999	25	1	0	0	0	0	0	5023	50	星探招募已拥有的艺人时可获得艺人合同	0
7093	奈拉合同	收集50份可以签约艺人奈拉	1059	1305	7	9999	25	1	0	0	0	0	0	5024	50	星探招募已拥有的艺人时可获得艺人合同	0
7094	莉西合同	收集50份可以签约艺人莉西	1051	1305	7	9999	25	1	0	0	0	0	0	5025	50	星探招募已拥有的艺人时可获得艺人合同	0
7095	康纳合同	收集50份可以签约艺人康纳	1069	1305	7	9999	25	1	0	0	0	0	0	5026	50	星探招募已拥有的艺人时可获得艺人合同	0
7096	娜拉合同	收集50份可以签约艺人娜拉	1034	1305	7	9999	25	1	0	0	0	0	0	5027	50	星探招募已拥有的艺人时可获得艺人合同	0
7097	柳珈琳合同	收集50份可以签约艺人柳珈琳	1035	1305	7	9999	25	1	0	0	0	0	0	5028	50	星探招募已拥有的艺人时可获得艺人合同	0
7098	房龙合同	收集50份可以签约艺人房龙	1027	1305	7	9999	25	1	0	0	0	0	0	5029	50	星探招募已拥有的艺人时可获得艺人合同	0
7099	雷顿合同	收集50份可以签约艺人雷顿	1054	1305	7	9999	25	1	0	0	0	0	0	5030	50	星探招募已拥有的艺人时可获得艺人合同	0
7100	威尔合同	收集50份可以签约艺人威尔	1079	1305	7	9999	25	1	0	0	0	0	0	5031	50	星探招募已拥有的艺人时可获得艺人合同	0
7101	梅梅合同	收集50份可以签约艺人梅梅	1101	1305	7	9999	25	1	0	0	0	0	0	5032	50	星探招募已拥有的艺人时可获得艺人合同	0
7102	石通合同	收集50份可以签约艺人石通	1102	1305	7	9999	25	1	0	0	0	0	0	5033	50	星探招募已拥有的艺人时可获得艺人合同	0
8901	一星艺人随机合同礼包	打开会获得一份随机1星艺人合同	2053	1301	8	9999	0	1	2	7001:1;7002:1;7003:1;7004:1;7005:1;7006:1	0	0	0	0	0	可在部分活动中获得	0
8902	二星艺人随机合同礼包	打开会获得一份随机2星艺人合同	2053	1302	8	9999	0	1	2	7007:1;7008:1;7009:1;7010:1;7011:1;7012:1;7013:1;7014:1;7015:1;7016:1;7017:1;7018:1;7019:1;7020:1;7021:1	0	0	0	0	0	可在部分活动中获得	0
8903	三星艺人随机合同礼包	打开会获得一份随机3星艺人合同	2053	1303	8	9999	0	1	2	7022:1;7023:1;7024:1;7025:1;7026:1;7027:1;7028:1;7029:1;7030:1;7031:1;7032:1;7033:1;7034:1;7035:1;7036:1;7037:1;7038:1;7039:1	0	0	0	0	0	可在部分活动中获得	0
8904	四星艺人随机合同礼包	打开会获得一份随机4星艺人合同	2053	1304	8	9999	0	1	2	7040:1;7041:1;7042:1;7043:1;7044:1;7045:1;7046:1;7047:1;7048:1;7049:1;7050:1;7051:1;7052:1;7053:1;7054:1;7055:1;7056:1;7057:1;7058:1;7059:1;7060:1;7061:1;7062:1;7063:1;7064:1;7065:1;7066:1;7067:1;7068:1;7069:1	0	0	0	0	0	可在部分活动中获得	0
8905	五星艺人随机合同礼包	打开会获得一份随机5星艺人合同	2053	1305	8	9999	0	1	2	7070:1;7071:1;7072:1;7073:1;7074:1;7075:1;7076:1;7077:1;7078:1;7079:1;7080:1;7081:1;7082:1;7083:1;7084:1;7085:1;7086:1;7087:1;7088:1;7089:1;7090:1;7091:1;7092:1;7093:1;7094:1;7095:1;7096:1;7097:1;7098:1;7099:1;7100:1	0	0	0	0	0	可在部分活动中获得	0
7901	随机五星欧美艺人合同	收集50分可以签约随机一个欧美艺人	1999	1305	16	9999	0	1	0	5031:1;5030:1;5025:1;5024:1	0	0	0	0	50	可在部分活动中获得	0
18015	泰坦尼克号	豪华客轮坦达尼克号开始了自己的处女航，富家少女罗莎（主角）与母亲及未婚夫坐上了头等舱；另一边，放荡不羁的少年画家乔治（主角）也在一场赌博中赢得了下等舱的船票。 罗莎厌倦了上流社会虚伪的生活，打算投海自尽，被乔治救起。很快，两人陷入爱河，乔治带罗莎参加下等舱的舞会、为她画像，但好景不长，坦达尼克号撞上了冰山，面临沉没的危险。生死关头，他们将何去何从？	8015	1304	18	0	0	0	0	1015:1	0	0	0	0	0	可在部分活动中获得	0
18091	美国队长	身体孱弱的斯蒂文（主角）经过一项由基因学博士爱德华（配角）主导的超级士兵研究计划改造，成为了强大的超级英雄，他在战场上的英勇表现让他成为传奇人物，也收获了特工卡拉（主角）的好感。但在一次任务中，他的队友，也是从小一起长大的挚友巴克（配角）发生意外不知所踪，而他自己也落入了深海…直到他醒来，发现自己身处病房，整个世界都变成了他不熟悉的样子。这时，一位神秘的特工史隆（配角）找到了他…	8091	1305	18	0	0	0	0	1091:1	0	0	0	0	0	可在部分活动中获得	0
8906	强森龙妈碎片选择礼包	打开可以选择获得强森碎片*20或者龙妈碎片*20	2053	1305	17	9999	0	1	4	7094:20;7102:20	0	0	0	0	0	可在部分活动中获得	0
8907	艺人试用礼包	打开获得丹尼、奈拉、房龙其中一个的限时使用权三天	2053	1305	8	9999	0	0	0	0	0	0	0	0	0	可在部分活动中获得	0
